"","gene_name","n","chromosome_name","start_position"
"1","NAALADL2",408,"3",174156363
"2","NLGN1",340,"3",173114074
"3","SOX2",331,"3",181429714
"4","FNDC3B",327,"3",171757418
"5","MCF2L2",327,"3",182895831
"6","ATP11B",326,"3",182511288
"7","PEX5L",326,"3",179512746
"8","PIK3CA",323,"3",178865902
"9","FXR1",322,"3",180585929
"10","KLHL24",322,"3",183353356
"11","MYNN",321,"3",169490619
"12","SPATA16",321,"3",172607148
"13","MECOM",320,"3",168801287
"14","LRRC31",318,"3",169556967
"15","LRRC34",318,"3",169511216
"16","LRRIQ4",318,"3",169539710
"17","SEC62",318,"3",169684423
"18","KCNMB3",317,"3",178957530
"19","PLD1",317,"3",171318195
"20","PRKCI",317,"3",169940153
"21","LAMP3",316,"3",182840001
"22","MCCC1",316,"3",182733006
"23","PHC3",316,"3",169804520
"24","SAMD7",316,"3",169629360
"25","DCUN1D1",315,"3",182655862
"26","NCEH1",315,"3",172348039
"27","TNIK",315,"3",170779128
"28","CCDC39",314,"3",180320646
"29","ZMAT3",314,"3",178735011
"30","DNAJC19",313,"3",180701497
"31","GPR160",313,"3",169755717
"32","ZNF639",313,"3",179040779
"33","MFN1",312,"3",179065480
"34","SKIL",311,"3",170075466
"35","TBL1XR1",311,"3",176737143
"36","KCNMB2",309,"3",177990720
"37","USP13",309,"3",179370543
"38","GHSR",308,"3",172162923
"39","TNFSF10",308,"3",172223298
"40","TTC14",308,"3",180319918
"41","CLDN11",307,"3",170136653
"42","GNB4",307,"3",179116990
"43","KLHL6",307,"3",183205319
"44","B3GNT5",306,"3",182971032
"45","SLC7A14",305,"3",170177372
"46","ECT2",304,"3",172468472
"47","YEATS2",304,"3",183415606
"48","NDUFB5",303,"3",179322478
"49","ACTL6A",302,"3",179280668
"50","MRPL47",302,"3",179306073
"51","TMEM212",302,"3",171561139
"52","PARL",298,"3",183547173
"53","SLC2A2",296,"3",170714137
"54","EIF5A2",295,"3",170606204
"55","RPL22L1",294,"3",170582664
"56","ECE2",293,"3",183967438
"57","MAP6D1",292,"3",183533664
"58","ABCC5",288,"3",183637722
"59","HTR3E",288,"3",183814852
"60","HTR3D",286,"3",183749332
"61","ABCF3",285,"3",183903811
"62","AP2M1",285,"3",183892477
"63","CAMK2N2",285,"3",183977001
"64","DVL3",285,"3",183873176
"65","EIF2B5",285,"3",183852826
"66","HTR3C",285,"3",183770835
"67","ALG3",284,"3",183960089
"68","VWA5B2",284,"3",183948217
"69","CHRD",283,"3",184097861
"70","EIF4G1",283,"3",184032283
"71","PSMD2",283,"3",184016497
"72","TP63",283,"3",189349205
"73","CLCN2",282,"3",184063973
"74","FAM131A",282,"3",184053714
"75","POLR2H",282,"3",184079506
"76","VPS8",282,"3",184529931
"77","THPO",281,"3",184089723
"78","EPHB3",280,"3",184279572
"79","MAGEF1",279,"3",184428156
"80","LEPREL1",277,"3",189674517
"81","GOLIM4",275,"3",167726465
"82","LPP",274,"3",187871072
"83","C3orf70",268,"3",184795838
"84","ZBBX",266,"3",166958075
"85","SERPINI1",264,"3",167453031
"86","IGF2BP2",263,"3",185361527
"87","EHHADH",261,"3",184908412
"88","PDCD10",260,"3",167401086
"89","TPRG1",260,"3",188665003
"90","WDR49",260,"3",167196472
"91","LIPH",258,"3",185224050
"92","SERPINI2",257,"3",167159577
"93","C3orf65",256,"3",185430316
"94","MAP3K13",256,"3",185000729
"95","DGKG",255,"3",185823457
"96","SENP2",255,"3",185300284
"97","TRA2B",254,"3",185633694
"98","TMEM41A",253,"3",185194284
"99","ETV5",252,"3",185764097
"100","MASP1",245,"3",186935942
"101","BCL6",242,"3",187439165
"102","BCHE",241,"3",165490692
"103","CRYGS",241,"3",186256230
"104","TBCCD1",241,"3",186263862
"105","CLDN1",240,"3",190023490
"106","IL1RAP",240,"3",190231840
"107","KNG1",240,"3",186435065
"108","RTP2",240,"3",187416047
"109","SST",240,"3",187386694
"110","DLG1",239,"3",196769431
"111","ADIPOQ",238,"3",186560463
"112","DNAJB11",238,"3",186285192
"113","RFC4",238,"3",186507669
"114","AHSG",237,"3",186330712
"115","CLDN16",237,"3",190040330
"116","FETUB",237,"3",186353758
"117","TMEM207",237,"3",190146444
"118","EIF4A2",236,"3",186500994
"119","HRG",236,"3",186378005
"120","RTP1",236,"3",186915274
"121","ST6GAL1",236,"3",186648274
"122","RPL39L",235,"3",186838736
"123","RTP4",235,"3",187086120
"124","MB21D2",234,"3",192514604
"125","OSTN",233,"3",190917030
"126","FGF12",232,"3",191857184
"127","SI",231,"3",164696686
"128","SLITRK3",231,"3",164904508
"129","GMNC",230,"3",190570666
"130","CCDC50",228,"3",191046866
"131","ATP13A5",227,"3",192992579
"132","ATP13A4",223,"3",193119866
"133","PYDC2",223,"3",191178952
"134","BDH1",221,"3",197236654
"135","LMLN",220,"3",197687071
"136","MFI2",220,"3",196715492
"137","HRASLS",219,"3",192958914
"138","FYTTD1",218,"3",197464050
"139","KIAA0226",218,"3",197398264
"140","LRCH3",218,"3",197518097
"141","SENP5",218,"3",196594727
"142","IQCG",217,"3",197615946
"143","NCBP2",216,"3",196662273
"144","PIGZ",216,"3",196673214
"145","CEP19",215,"3",196433148
"146","OPA1",215,"3",193310933
"147","PIGX",215,"3",196366646
"148","RPL35A",215,"3",197676858
"149","FAM157A",212,"3",197879237
"150","PCYT1A",207,"3",195941093
"151","TCTEX1D2",207,"3",196018090
"152","TM4SF19",207,"3",196046213
"153","RNF168",206,"3",196195654
"154","TNK2",206,"3",195590235
"155","UBXN7",206,"3",196074533
"156","FBXO45",205,"3",196295482
"157","LSG1",205,"3",194361517
"158","TMEM44",205,"3",194308402
"159","WDR53",205,"3",196281056
"160","MUC4",204,"3",195473636
"161","TFRC",204,"3",195754054
"162","HES1",203,"3",193853934
"163","PPP1R2",203,"3",195241221
"164","ZDHHC19",203,"3",195924320
"165","ACAP2",202,"3",194995465
"166","MUC20",201,"3",195447753
"167","FAM43A",200,"3",194406622
"168","APOD",199,"3",195295573
"169","ATP13A3",197,"3",194123401
"170","CPN2",197,"3",194060494
"171","GP5",196,"3",194115550
"172","LRRC15",196,"3",194075976
"173","XXYLT1",193,"3",194789008
"174","KCNAB1",185,"3",155755490
"175","IQCJ-SCHIP1",175,"3",158680024
"176","OTOL1",175,"3",161214596
"177","PPM1L",174,"3",160473390
"178","SCHIP1",173,"3",159557650
"179","NMD3",171,"3",160822484
"180","B3GALNT1",170,"3",160801671
"181","ARL14",162,"3",160394948
"182","RSRC1",161,"3",157823644
"183","KPNA4",159,"3",160212783
"184","IFT80",158,"3",159974774
"185","SMC4",157,"3",160117062
"186","TRIM59",156,"3",160150233
"187","RARRES1",155,"3",158414681
"188","C3orf80",154,"3",159943423
"189","IQCJ",154,"3",158680717
"190","MLF1",154,"3",158288952
"191","VEPH1",154,"3",156977531
"192","C3orf55",153,"3",157261035
"193","GFM1",152,"3",158362067
"194","IL12A",152,"3",159706537
"195","SHOX2",152,"3",157814948
"196","LXN",151,"3",158363611
"197","PTX3",148,"3",157154578
"198","MFSD1",147,"3",158449987
"199","MME",146,"3",154741913
"200","LEKR1",145,"3",156543270
"201","MED12L",145,"3",150803484
"202","C3orf33",143,"3",155480401
"203","MBNL1",143,"3",151961617
"204","TM4SF1",143,"3",149086809
"205","ARHGEF26",142,"3",153838792
"206","CCNL1",142,"3",156864297
"207","SLC33A1",142,"3",155538813
"208","TM4SF4",142,"3",149191761
"209","WWTR1",142,"3",149235022
"210","GMPS",141,"3",155588325
"211","GPR149",141,"3",154055461
"212","PLCH1",141,"3",155093369
"213","TM4SF18",141,"3",149036285
"214","TMEM14E",141,"3",152057484
"215","CP",140,"3",148880197
"216","EIF2A",140,"3",150264465
"217","FAM188B2",140,"3",150588832
"218","HPS3",140,"3",148847371
"219","SERP1",140,"3",150259781
"220","AADAC",139,"3",151531825
"221","CLRN1",139,"3",150643950
"222","DHX36",139,"3",153990335
"223","FAM194A",139,"3",150377672
"224","SSR3",139,"3",156257929
"225","SUCNR1",139,"3",151591431
"226","TIPARP",139,"3",156391024
"227","TSC22D2",139,"3",150126122
"228","SIAH2",138,"3",150458914
"229","AADACL2",137,"3",151451704
"230","ANKUB1",137,"3",149478892
"231","GPR171",137,"3",150915619
"232","P2RY14",137,"3",150929905
"233","PFN2",137,"3",149682691
"234","GYG1",136,"3",148709128
"235","HLTF",136,"3",148747914
"236","P2RY13",136,"3",151044100
"237","RNF13",136,"3",149530495
"238","VN2R1P",136,"3",155737435
"239","COMMD2",135,"3",149456257
"240","GPR87",135,"3",151011891
"241","IGSF10",135,"3",151143172
"242","P2RY12",135,"3",151055168
"243","RAP2B",134,"3",152880029
"244","P2RY1",132,"3",152552736
"245","C3orf79",131,"3",153202284
"246","CPB1",131,"3",148508889
"247","CPA3",130,"3",148583043
"248","AGTR1",128,"3",148415571
"249","ZIC1",128,"3",147111209
"250","ZIC4",128,"3",147103833
"251","PLSCR2",126,"3",146109208
"252","PLOD2",125,"3",145787227
"253","PLSCR1",124,"3",146232967
"254","PLSCR5",124,"3",146294342
"255","PLSCR4",123,"3",145910126
"256","CLSTN2",111,"3",139654027
"257","XRN1",111,"3",142025449
"258","GK5",110,"3",141882414
"259","SLC9A9",108,"3",142984064
"260","ATR",105,"3",142168077
"261","C3orf58",104,"3",143690640
"262","PAQR9",104,"3",142668006
"263","PLS1",104,"3",142315229
"264","TFDP2",103,"3",141663277
"265","U2SURP",103,"3",142683339
"266","TRPC1",102,"3",142442916
"267","PCOLCE2",101,"3",142534764
"268","CHST2",100,"3",142838173
"269","ATP1B3",98,"3",141594966
"270","GRK7",98,"3",141496990
"271","RASA2",96,"3",141205889
"272","RNF7",96,"3",141457046
"273","RBP1",92,"3",139236276
"274","C3orf72",90,"3",138666076
"275","ZBTB38",90,"3",141043055
"276","FOXL2",89,"3",138663066
"277","NMNAT3",89,"3",139279022
"278","RBP2",89,"3",139171726
"279","PRR23A",88,"3",138722804
"280","PRR23B",88,"3",138737873
"281","PRR23C",88,"3",138760944
"282","ACPL2",86,"3",140947568
"283","COPB2",86,"3",139074442
"284","MRPS22",86,"3",138724648
"285","PIK3CB",86,"3",138372860
"286","CEP70",85,"3",138213186
"287","FAIM",85,"3",138327448
"288","ESYT3",84,"3",138153428
"289","MRAS",81,"3",138066539
"290","ARMC8",80,"3",137906109
"291","SPSB4",80,"3",140770244
"292","TRIM42",80,"3",140396881
"293","NME9",79,"3",137980279
"294","DBR1",77,"3",137879854
"295","SLC25A36",77,"3",140660672
"296","DZIP1L",76,"3",137780832
"297","A4GNT",75,"3",137842560
"298","CLDN18",74,"3",137717577
"299","EPHA6",69,"3",96533425
"300","STAG1",66,"3",136055077
"301","GPR128",65,"3",100328433
"302","MORC1",65,"3",108677086
"303","SYNPR",65,"3",63213991
"304","IL20RB",64,"3",136665072
"305","SOX14",64,"3",137483579
"306","NCK1",63,"3",136581050
"307","EPHB1",62,"3",134316643
"308","MSL2",62,"3",135867764
"309","PPP2R3A",62,"3",135684515
"310","TFG",61,"3",100428205
"311","ALCAM",60,"3",105085753
"312","KY",60,"3",134321980
"313","LSAMP",60,"3",115521235
"314","PCCB",60,"3",135969148
"315","GRAMD1C",58,"3",113547029
"316","UROC1",58,"3",126200124
"317","CBLB",57,"3",105374305
"318","CEP63",57,"3",134204585
"319","BOC",56,"3",112929850
"320","ZDHHC23",56,"3",113666748
"321","AMOTL2",55,"3",134074716
"322","ANAPC13",55,"3",134196548
"323","DNAJC13",55,"3",132136370
"324","SIDT1",55,"3",113251143
"325","SLC22A14",55,"3",38323785
"326","SLCO2A1",55,"3",133651540
"327","ATP6V1A",54,"3",113465866
"328","CD47",54,"3",107762145
"329","DPPA2",54,"3",109012635
"330","DPPA4",54,"3",109044988
"331","EEFSEC",54,"3",127872297
"332","IFT57",54,"3",107879659
"333","KIAA1407",54,"3",113682984
"334","SENP7",54,"3",101043049
"335","TRAT1",54,"3",108541545
"336","BBX",53,"3",107241783
"337","C3orf17",53,"3",112721287
"338","CCDC80",53,"3",112323407
"339","CD200",53,"3",112051194
"340","CD200R1L",53,"3",112534556
"341","DRD3",53,"3",113847499
"342","GTPBP8",53,"3",112709765
"343","GUCA1C",53,"3",108626639
"344","NPHP3",53,"3",132276986
"345","QTRTD1",53,"3",113724680
"346","RAB6B",53,"3",133543083
"347","ABI3BP",52,"3",100468000
"348","CD200R1",52,"3",112640056
"349","CPNE4",52,"3",131252399
"350","NAA50",52,"3",113435307
"351","ZPLD1",52,"3",101818088
"352","ATG3",51,"3",112251356
"353","BTLA",51,"3",112182815
"354","C3orf36",51,"3",133646992
"355","CCDC54",51,"3",107096188
"356","DZIP3",51,"3",108308529
"357","KIAA2018",51,"3",113367232
"358","NEK11",51,"3",130745694
"359","PLCXD2",51,"3",111393523
"360","PLXND1",51,"3",129274018
"361","PPARG",51,"3",12328867
"362","PVRL3",51,"3",110788918
"363","RETNLB",51,"3",108462271
"364","SLC35A5",51,"3",112280556
"365","TIGIT",51,"3",113995760
"366","TRH",51,"3",129693148
"367","WDR52",51,"3",113005777
"368","ZBTB11",51,"3",101367733
"369","ZBTB20",51,"3",114056941
"370","ZNF80",51,"3",113953483
"371","ACAD11",50,"3",132276982
"372","ACPP",50,"3",132036211
"373","C3orf52",50,"3",111805182
"374","MYH15",50,"3",108099216
"375","PHLDB2",50,"3",111451344
"376","SPICE1",50,"3",113161565
"377","TMEM108",50,"3",132757235
"378","UBA5",50,"3",132373290
"379","ABHD10",49,"3",111697857
"380","CEP97",49,"3",101442769
"381","HHLA2",49,"3",108015376
"382","KIAA1524",49,"3",108268716
"383","MRPL3",49,"3",131181056
"384","NFKBIZ",49,"3",101546835
"385","PCNP",49,"3",101292939
"386","RPL24",49,"3",101399935
"387","SRPRB",49,"3",133502877
"388","TAGLN3",49,"3",111717511
"389","TF",49,"3",133464800
"390","TMPRSS7",49,"3",111753690
"391","TOMM70A",49,"3",100082275
"392","TOPBP1",49,"3",133317019
"393","BFSP2",48,"3",133118839
"394","CD96",48,"3",111011566
"395","CDV3",48,"3",133292574
"396","COL6A6",48,"3",130279178
"397","EPHA3",48,"3",89156674
"398","FILIP1L",48,"3",99548985
"399","GAP43",48,"3",115342171
"400","GATA2",48,"3",128198270
"401","HGD",48,"3",120347020
"402","LNP1",48,"3",100120037
"403","NDUFB4",48,"3",120315156
"404","NIT2",48,"3",100053545
"405","NUDT16",48,"3",131100515
"406","RPN1",48,"3",128338817
"407","TMEM45A",48,"3",100211463
"408","C3orf27",47,"3",128290843
"409","DNAJB8",47,"3",128181282
"410","IMPG2",47,"3",100941390
"411","OSBPL11",47,"3",125247702
"412","PROS1",47,"3",93591881
"413","ASTE1",46,"3",130732719
"414","ATP2C1",46,"3",130569439
"415","NSUN3",46,"3",93781760
"416","OR5AC2",46,"3",97806017
"417","PLXNA1",46,"3",126707437
"418","RAF1",46,"3",12625100
"419","SNX4",46,"3",125165495
"420","TBC1D23",46,"3",99979844
"421","TMCC1",46,"3",129366635
"422","TMEM30C",46,"3",99904531
"423","ZBED2",46,"3",111311747
"424","ARL13B",45,"3",93698983
"425","COL8A1",45,"3",99357319
"426","GABRR3",45,"3",97705517
"427","OR5H1",45,"3",97851542
"428","OR5H14",45,"3",97868170
"429","PIK3R4",45,"3",130397779
"430","SEMA5B",45,"3",122628041
"431","SYN2",45,"3",12045876
"432","TMEM40",45,"3",12775024
"433","TSEN2",45,"3",12525931
"434","ABTB1",44,"3",127391778
"435","CADM2",44,"3",85008132
"436","COL6A5",44,"3",130064359
"437","DHFRL1",44,"3",93766680
"438","FBLN2",44,"3",13573824
"439","GRM7",44,"3",6811688
"440","H1FOO",44,"3",129262057
"441","IGSF11",44,"3",118619404
"442","KLF15",44,"3",126061478
"443","MCM2",44,"3",127317066
"444","MGLL",44,"3",127407909
"445","MINA",44,"3",97660662
"446","OR5H15",44,"3",97887544
"447","PODXL2",44,"3",127348024
"448","STX19",44,"3",93733213
"449","TPRA1",44,"3",127291912
"450","ACAD9",43,"3",128598439
"451","ALDH1L1",43,"3",125822412
"452","CCDC37",43,"3",126113782
"453","CHST13",43,"3",126243126
"454","CRYBG3",43,"3",97595819
"455","IFT122",43,"3",129158968
"456","KBTBD12",43,"3",127634075
"457","MKRN2",43,"3",12598513
"458","OR5H2",43,"3",98001732
"459","OR5H6",43,"3",97983088
"460","RAB7A",43,"3",128444965
"461","SEC61A1",43,"3",127770484
"462","TXNRD3",43,"3",126290622
"463","ALG1L",42,"3",125648118
"464","ARHGAP31",42,"3",119013220
"465","ARL6",42,"3",97483365
"466","C3orf22",42,"3",126245842
"467","C3orf56",42,"3",126911974
"468","CHCHD6",42,"3",126423063
"469","DCBLD2",42,"3",98514785
"470","KALRN",42,"3",123798870
"471","MBD4",42,"3",129149787
"472","NR1I2",42,"3",119499331
"473","OR5K3",42,"3",98109510
"474","OR5K4",42,"3",98072698
"475","RHO",42,"3",129247483
"476","ROPN1",42,"3",123687368
"477","RUVBL1",42,"3",127783621
"478","SLC12A8",42,"3",124801480
"479","SLC6A6",42,"3",14444076
"480","TXNRD3NB",42,"3",126290625
"481","ZXDC",42,"3",126156444
"482","B4GALT4",41,"3",118930579
"483","CAND2",41,"3",12837971
"484","CCDC14",41,"3",123616152
"485","CLDND1",41,"3",98216756
"486","CNBP",41,"3",128888327
"487","CPOX",41,"3",98239976
"488","FSTL1",41,"3",120111140
"489","GP9",41,"3",128779610
"490","GPR15",41,"3",98250743
"491","H1FX",41,"3",129033615
"492","HEG1",41,"3",124684554
"493","ISY1",41,"3",128846258
"494","OR5K1",41,"3",98188324
"495","OR5K2",41,"3",98216448
"496","PDIA5",41,"3",122785909
"497","RAB43",41,"3",128806412
"498","ROPN1B",41,"3",125687987
"499","RPL32P3",41,"3",129101765
"500","SLC41A3",41,"3",125725198
"501","ST3GAL6",41,"3",98451080
"502","TIMP4",41,"3",12194551
"503","UPK1B",41,"3",118892364
"504","ZNF148",41,"3",124944405
"505","ADCY5",40,"3",123001143
"506","ADPRH",40,"3",119298115
"507","C3orf30",40,"3",118864997
"508","CD80",40,"3",119243140
"509","GPR156",40,"3",119883492
"510","IQCB1",40,"3",121488610
"511","KIAA1257",40,"3",128628709
"512","LRRC58",40,"3",120043356
"513","MYLK",40,"3",123328896
"514","PLA1A",40,"3",119316689
"515","POGLUT1",40,"3",119187785
"516","POU1F1",40,"3",87308554
"517","PTPLB",40,"3",123209667
"518","RABL3",40,"3",120405528
"519","SLC15A2",40,"3",121612936
"520","STXBP5L",40,"3",120626919
"521","TIMMDC1",40,"3",119217379
"522","TMEM39A",40,"3",119148347
"523","UMPS",40,"3",124449213
"524","VGLL3",40,"3",86987119
"525","ARGFX",39,"3",121289551
"526","CHMP2B",39,"3",87276421
"527","COX17",39,"3",119373360
"528","EAF2",39,"3",121554030
"529","FBXO40",39,"3",121311966
"530","GOLGB1",39,"3",121382046
"531","HCLS1",39,"3",121350246
"532","IQSEC1",39,"3",12938719
"533","MAATS1",39,"3",119421869
"534","POLQ",39,"3",121150278
"535","POPDC2",39,"3",119355304
"536","SEC22A",39,"3",122920774
"537","CASR",38,"3",121902530
"538","CD86",38,"3",121774213
"539","DIRC2",38,"3",122513642
"540","GTF2E1",38,"3",120461484
"541","HSPBAP1",38,"3",122458846
"542","ITGB5",38,"3",124480795
"543","MITF",38,"3",69788586
"544","NUP210",38,"3",13357737
"545","PARP14",38,"3",122399465
"546","PARP15",38,"3",122296449
"547","RPL32",38,"3",12875984
"548","CCDC58",37,"3",122078438
"549","CSTA",37,"3",122044091
"550","DTX3L",37,"3",122283085
"551","ILDR1",37,"3",121706170
"552","PARP9",37,"3",122246771
"553","FAM162A",36,"3",122103023
"554","KPNA1",36,"3",122140796
"555","WDR5B",36,"3",122130715
"556","WNT7A",36,"3",13857755
"557","ROBO1",35,"3",78646390
"558","VGLL4",35,"3",11597544
"559","ATG7",34,"3",11313995
"560","BRK1",34,"3",10157276
"561","LMCD1",34,"3",8543393
"562","ZNF717",34,"3",75758794
"563","FOXP1",33,"3",71003844
"564","FAM19A4",32,"3",68780917
"565","FGD5",32,"3",14860469
"566","FRG2C",32,"3",75713481
"567","FRMD4B",32,"3",69219141
"568","HDAC11",32,"3",13521224
"569","EIF4E3",31,"3",71724567
"570","FAM19A1",31,"3",68053359
"571","FANCD2",31,"3",10068098
"572","GPR27",31,"3",71803201
"573","HRH1",31,"3",11178779
"574","LHFPL4",31,"3",9543481
"575","PROK2",31,"3",71820807
"576","ARPC4",30,"3",9834179
"577","BRPF1",30,"3",9773413
"578","C3orf20",30,"3",14716606
"579","CAMK1",30,"3",9799026
"580","CPNE9",30,"3",9745491
"581","MTMR14",30,"3",9691117
"582","OGG1",30,"3",9791628
"583","RPUSD3",30,"3",9879533
"584","SLC6A1",30,"3",11034410
"585","SLC6A11",30,"3",10857885
"586","TADA3",30,"3",9821544
"587","TTLL3",30,"3",9849770
"588","ADAMTS9",29,"3",64501333
"589","ATP2B2",29,"3",10365707
"590","CIDEC",29,"3",9908398
"591","IL17RC",29,"3",9958758
"592","IL17RE",29,"3",9944296
"593","JAGN1",29,"3",9932238
"594","NR2C2",29,"3",14989091
"595","VHL",29,"3",10182692
"596","CGGBP1",28,"3",88101094
"597","CHCHD4",28,"3",14153580
"598","CRELD1",28,"3",9975506
"599","EMC3",28,"3",10004221
"600","HTR1F",28,"3",88039846
"601","PRRT3",28,"3",9987226
"602","ROBO2",28,"3",75955846
"603","RYBP",28,"3",72420976
"604","SETD5",28,"3",9439299
"605","SRGAP3",28,"3",9022275
"606","THUMPD3",28,"3",9404526
"607","TMEM43",28,"3",14166440
"608","CAV3",27,"3",8775486
"609","EOGT",27,"3",69024365
"610","MRPS25",27,"3",15083967
"611","OXTR",27,"3",8792094
"612","SSUH2",27,"3",8661086
"613","XPC",27,"3",14186647
"614","ZNF654",27,"3",88188254
"615","ITPR1",26,"3",4535032
"616","LSM3",26,"3",14219858
"617","RAD18",26,"3",8817088
"618","TATDN2",26,"3",10289707
"619","ZFYVE20",26,"3",15111580
"620","ARL6IP5",25,"3",69134095
"621","C3orf38",25,"3",88198893
"622","CHL1",25,"3",238279
"623","LMOD3",25,"3",69156023
"624","TMF1",25,"3",69068978
"625","TPRXL",25,"3",13978756
"626","BHLHE40",24,"3",5020801
"627","GHRL",24,"3",10327359
"628","PDZRN3",24,"3",73431584
"629","SEC13",24,"3",10334815
"630","SHQ1",24,"3",72798428
"631","UBA3",24,"3",69103881
"632","CADPS",23,"3",62384022
"633","CNTN4",23,"3",2140497
"634","ARL8B",22,"3",5163905
"635","CNTN3",22,"3",74311719
"636","CNTN6",22,"3",1134260
"637","EDEM1",22,"3",5229331
"638","MAGI1",22,"3",65339200
"639","PRICKLE2",22,"3",64079543
"640","SATB1",22,"3",18386879
"641","CMTM8",21,"3",32280171
"642","CRBN",21,"3",3190676
"643","SH3BP5",21,"3",15296360
"644","TRNT1",21,"3",3168600
"645","CAPN7",20,"3",15247659
"646","GXYLT2",20,"3",72937224
"647","IL5RA",20,"3",3111233
"648","ITGA9",20,"3",37493606
"649","OSBPL10",20,"3",31699382
"650","RBMS3",20,"3",29322473
"651","SETMAR",20,"3",4344988
"652","SUMF1",20,"3",3742498
"653","UBP1",20,"3",33429828
"654","ATXN7",19,"3",63850233
"655","CMTM6",19,"3",32522804
"656","CMTM7",19,"3",32433163
"657","COLQ",19,"3",15491640
"658","EAF1",19,"3",15468862
"659","FBXL2",19,"3",33318517
"660","GPD1L",19,"3",32147181
"661","METTL6",19,"3",15422782
"662","PDCD6IP",19,"3",33839844
"663","ARPP21",18,"3",35680437
"664","BTD",18,"3",15642848
"665","C3orf49",18,"3",63805038
"666","CLASP2",18,"3",33537737
"667","CNOT10",18,"3",32726637
"668","CTNNB1",18,"3",41236328
"669","DYNC1LI1",18,"3",32567463
"670","EBLN2",18,"3",73110810
"671","FHIT",18,"3",59735036
"672","HACL1",18,"3",15602211
"673","LRRC3B",18,"3",26664297
"674","LRRN1",18,"3",3841121
"675","PPP4R2",18,"3",73045936
"676","STT3B",18,"3",31574130
"677","SUSD5",18,"3",33191537
"678","THOC7",18,"3",63819546
"679","TOP2B",18,"3",25639475
"680","ACVR2B",17,"3",38495342
"681","CRTAP",17,"3",33155471
"682","GLB1",17,"3",33038100
"683","NEK10",17,"3",27151576
"684","PSMD6",17,"3",63996225
"685","PTPRG",17,"3",61547243
"686","SNTN",17,"3",63638344
"687","TRIM71",17,"3",32859510
"688","ZNF860",17,"3",32023263
"689","ANKRD28",16,"3",15708743
"690","CCR4",16,"3",32993066
"691","GBE1",16,"3",81538850
"692","KCNH8",16,"3",19189946
"693","RARB",16,"3",25215823
"694","TMPPE",16,"3",33131913
"695","CTDSPL",15,"3",37903451
"696","DAZL",15,"3",16628299
"697","EXOG",15,"3",38537618
"698","MYRIP",15,"3",39850405
"699","OXSR1",15,"3",38206580
"700","PLCL2",15,"3",16844159
"701","RFTN1",15,"3",16355081
"702","SLC22A13",15,"3",38307303
"703","SLC4A7",15,"3",27414214
"704","UBE2E1",15,"3",23847394
"705","XYLB",15,"3",38388251
"706","ACAA1",14,"3",38144620
"707","CACNA2D3",14,"3",54156574
"708","DLEC1",14,"3",38080696
"709","ERC2",14,"3",55542336
"710","FEZF2",14,"3",62355356
"711","GADL1",14,"3",30767692
"712","MYD88",14,"3",38179969
"713","NGLY1",14,"3",25760435
"714","NKIRAS1",14,"3",23933151
"715","NR1D2",14,"3",23986751
"716","PLCD1",14,"3",38048987
"717","RPL15",14,"3",23958036
"718","SCN10A",14,"3",38738293
"719","TBC1D5",14,"3",17198654
"720","TGFBR2",14,"3",30647994
"721","THRB",14,"3",24158651
"722","UBE2E2",14,"3",23244511
"723","VILL",14,"3",38029550
"724","C3orf14",13,"3",62304648
"725","DCLK3",13,"3",36753913
"726","DPH3",13,"3",16299485
"727","KAT2B",13,"3",20081515
"728","KBTBD8",13,"3",67048727
"729","OXNAD1",13,"3",16306706
"730","OXSM",13,"3",25824408
"731","SCN11A",13,"3",38887260
"732","SCN5A",13,"3",38589548
"733","SGOL1",13,"3",20202085
"734","STAC",13,"3",36421836
"735","WDR48",13,"3",39093489
"736","ZNF385D",13,"3",21459915
"737","C3orf35",12,"3",37427760
"738","CACNA1D",12,"3",53528683
"739","CSRNP1",12,"3",39183346
"740","EFHB",12,"3",19920964
"741","GORASP1",12,"3",39138150
"742","LRIG1",12,"3",66429221
"743","MLH1",12,"3",37034823
"744","RAB5A",12,"3",19988571
"745","SLC25A26",12,"3",66119285
"746","SUCLG2",12,"3",67410884
"747","TRANK1",12,"3",36868311
"748","TTC21A",12,"3",39149152
"749","XIRP1",12,"3",39224701
"750","AZI2",11,"3",28356494
"751","CMC1",11,"3",28283075
"752","CX3CR1",11,"3",39304985
"753","EIF1B",11,"3",40351175
"754","EOMES",11,"3",27757440
"755","EPM2AIP1",11,"3",37027357
"756","GOLGA4",11,"3",37284668
"757","LRRFIP2",11,"3",37094117
"758","ZCWPW2",11,"3",28390637
"759","CCR8",10,"3",39371197
"760","ENTPD3",10,"3",40428647
"761","MOBP",10,"3",39508689
"762","RPL14",10,"3",40498783
"763","RPSA",10,"3",39448180
"764","SLC25A38",10,"3",39424839
"765","ZNF619",10,"3",40518604
"766","ZNF620",10,"3",40547483
"767","ZNF621",10,"3",40566369
"768","ABHD6",9,"3",58223233
"769","CCDC66",9,"3",56591189
"770","DOCK3",9,"3",50712672
"771","FAM3D",9,"3",58619673
"772","ACOX2",8,"3",58490863
"773","DCP1A",8,"3",53317447
"774","FAM107A",8,"3",58549844
"775","FAM208A",8,"3",56654161
"776","PRKCD",8,"3",53190025
"777","TKT",8,"3",53258723
"778","ARHGEF3",7,"3",56761446
"779","FLNB",7,"3",57994127
"780","KCTD6",7,"3",58477841
"781","PDHB",7,"3",58413357
"782","RPP14",7,"3",58291974
"783","C3orf67",6,"3",58703092
"784","DNASE1L3",6,"3",58177984
"785","IL17RB",6,"3",53880607
"786","IL17RD",6,"3",57124010
"787","LRTM1",6,"3",54952264
"788","RFT1",6,"3",53122499
"789","RNF123",6,"3",49726932
"790","SPATA12",6,"3",57094469
"791","WNT5A",6,"3",55499743
"792","AMIGO3",5,"3",49754267
"793","APPL1",5,"3",57261765
"794","ARF4",5,"3",57557090
"795","CDC25A",5,"3",48198636
"796","CDHR4",5,"3",49828165
"797","CHDH",5,"3",53846362
"798","DNAH12",5,"3",57327727
"799","GNAT1",5,"3",50229045
"800","HESX1",5,"3",57231944
"801","IP6K2",5,"3",48725436
"802","MST1",5,"3",49721380
"803","NCKIPSD",5,"3",48701364
"804","PDE12",5,"3",57542003
"805","RAD54L2",5,"3",51575160
"806","RBM6",5,"3",49977440
"807","SEMA3F",5,"3",50192478
"808","SFMBT1",5,"3",52937588
"809","SLMAP",5,"3",57741177
"810","TRAIP",5,"3",49866034
"811","UBA7",5,"3",49842640
"812","ACTR8",4,"3",53901093
"813","ALAS1",4,"3",52232102
"814","APEH",4,"3",49711435
"815","ASB14",4,"3",57302375
"816","BSN",4,"3",49591922
"817","CAMP",4,"3",48264837
"818","CELSR3",4,"3",48673902
"819","COL7A1",4,"3",48601506
"820","DAG1",4,"3",49506146
"821","DNAH1",4,"3",52350335
"822","FBXW12",4,"3",48413709
"823","GMPPB",4,"3",49754277
"824","GNAI2",4,"3",50263724
"825","GPR62",4,"3",51989330
"826","GRM2",4,"3",51741086
"827","IFRD2",4,"3",50325163
"828","IP6K1",4,"3",49761727
"829","ITIH1",4,"3",52811603
"830","ITIH3",4,"3",52828784
"831","ITIH4",4,"3",52846991
"832","MUSTN1",4,"3",52867130
"833","NME6",4,"3",48334754
"834","PBRM1",4,"3",52579368
"835","PCBP4",4,"3",51991470
"836","PFKFB4",4,"3",48555117
"837","PPM1M",4,"3",52279841
"838","PRKAR2A",4,"3",48782030
"839","RBM5",4,"3",50126341
"840","SLC26A6",4,"3",48663156
"841","SMARCC1",4,"3",47626762
"842","SPINK8",4,"3",48348336
"843","STAB1",4,"3",52529354
"844","TEX264",4,"3",51696709
"845","TLR9",4,"3",52255096
"846","TMEM110",4,"3",52870235
"847","TMEM89",4,"3",48658192
"848","TRAK1",4,"3",42055294
"849","TWF2",4,"3",52262626
"850","UCN2",4,"3",48599160
"851","UQCRC1",4,"3",48636435
"852","VPRBP",4,"3",51433298
"853","WDR82",4,"3",52288437
"854","ZBTB47",4,"3",42695176
"855","ZNF589",4,"3",48282590
"856","ABHD14A",3,"3",52005442
"857","ABHD14B",3,"3",52002526
"858","ACY1",3,"3",52009066
"859","ATRIP",3,"3",48488114
"860","BAP1",3,"3",52435029
"861","CAMKV",3,"3",49895421
"862","CCDC51",3,"3",48473574
"863","CCK",3,"3",42299317
"864","CCR1",3,"3",46243200
"865","CCR2",3,"3",46395225
"866","CCR3",3,"3",46205096
"867","CCR5",3,"3",46411633
"868","CCR9",3,"3",45927996
"869","CCRL2",3,"3",46448654
"870","CDCP1",3,"3",45123770
"871","CSPG5",3,"3",47603729
"872","CXCR6",3,"3",45982425
"873","DUSP7",3,"3",52082935
"874","FYCO1",3,"3",45959396
"875","GLT8D1",3,"3",52728505
"876","GLYCTK",3,"3",52321105
"877","GNL3",3,"3",52715172
"878","HYAL1",3,"3",50337320
"879","HYAL2",3,"3",50355221
"880","HYAL3",3,"3",50330262
"881","IQCF1",3,"3",51928892
"882","IQCF2",3,"3",51895645
"883","IQCF3",3,"3",51851620
"884","IQCF5",3,"3",51907737
"885","IQCF6",3,"3",51812580
"886","LRRC2",3,"3",46556913
"887","LTF",3,"3",46477136
"888","LYZL4",3,"3",42438570
"889","LZTFL1",3,"3",45864808
"890","MANF",3,"3",51422478
"891","MON1A",3,"3",49946302
"892","MST1R",3,"3",49924435
"893","NAT6",3,"3",50333833
"894","NEK4",3,"3",52744800
"895","NISCH",3,"3",52489134
"896","NKTR",3,"3",42642106
"897","NT5DC2",3,"3",52558386
"898","PARP3",3,"3",51976361
"899","PHF7",3,"3",52444673
"900","PLXNB1",3,"3",48445261
"901","POC1A",3,"3",52109269
"902","RASSF1",3,"3",50367219
"903","RBM15B",3,"3",51428731
"904","RPL29",3,"3",52027616
"905","RRP9",3,"3",51967446
"906","RTP3",3,"3",46538981
"907","SEC22C",3,"3",42589461
"908","SEMA3G",3,"3",52467069
"909","SHISA5",3,"3",48509197
"910","SLC25A20",3,"3",48894369
"911","SPCS1",3,"3",52738971
"912","SS18L2",3,"3",42623332
"913","TDGF1",3,"3",46616045
"914","TMA7",3,"3",48481667
"915","TNNC1",3,"3",52485118
"916","TREX1",3,"3",48506445
"917","TUSC2",3,"3",50357458
"918","VIPR1",3,"3",42530791
"919","XCR1",3,"3",46058516
"920","ALS2CL",2,"3",46710487
"921","AMT",2,"3",49454211
"922","C3orf18",2,"3",50595462
"923","C3orf62",2,"3",49306035
"924","CACNA2D2",2,"3",50400233
"925","CCDC13",2,"3",42734155
"926","CCDC36",2,"3",49235861
"927","CISH",2,"3",50643921
"928","CLEC3B",2,"3",45043040
"929","CYB561D2",2,"3",50388126
"930","CYP8B1",2,"3",42897497
"931","DHX30",2,"3",47844399
"932","EXOSC7",2,"3",45016733
"933","FAM198A",2,"3",43020759
"934","GPX1",2,"3",49394609
"935","HEMK1",2,"3",50606583
"936","HHATL",2,"3",42734155
"937","HIGD1A",2,"3",42798669
"938","KLHL18",2,"3",47324407
"939","KRBOX1",2,"3",42850975
"940","LIMD1",2,"3",45596886
"941","MAP4",2,"3",47892182
"942","NICN1",2,"3",49460379
"943","NPRL2",2,"3",50384761
"944","PRSS45",2,"3",46783582
"945","PRSS50",2,"3",46753605
"946","PTPN23",2,"3",47422501
"947","RHOA",2,"3",49396578
"948","SACM1L",2,"3",45730548
"949","SCAP",2,"3",47455203
"950","SLC6A20",2,"3",45796942
"951","TCTA",2,"3",49449639
"952","TGM4",2,"3",44916100
"953","TMEM115",2,"3",50392180
"954","TMEM158",2,"3",45265958
"955","TMIE",2,"3",46742823
"956","USP4",2,"3",49315264
"957","ZDHHC3",2,"3",44956749
"958","ZMYND10",2,"3",50378541
"959","ZNF662",2,"3",42947223
"960","ABHD5",1,"3",43731605
"961","ANO10",1,"3",43396351
"962","ARIH2",1,"3",48956254
"963","CCDC12",1,"3",46963216
"964","CCDC71",1,"3",49199968
"965","DALRD3",1,"3",49052921
"966","IMPDH2",1,"3",49061758
"967","KIAA1143",1,"3",44779153
"968","KIF15",1,"3",44803209
"969","KIF9",1,"3",47269516
"970","KLHDC8B",1,"3",49209044
"971","LAMB2",1,"3",49158547
"972","LARS2",1,"3",45429998
"973","MYL3",1,"3",46899362
"974","NBEAL2",1,"3",47021173
"975","NDUFAF3",1,"3",49057892
"976","P4HTM",1,"3",49027319
"977","PRSS42",1,"3",46871032
"978","PTH1R",1,"3",46919236
"979","QARS",1,"3",49133365
"980","QRICH1",1,"3",49067140
"981","SETD2",1,"3",47057919
"982","SNRK",1,"3",43328004
"983","TMEM42",1,"3",44903361
"984","USP19",1,"3",49145479
"985","WDR6",1,"3",49044495
"986","ZNF197",1,"3",44626380
"987","ZNF35",1,"3",44690219
"988","ZNF445",1,"3",44481262
"989","ZNF501",1,"3",44771088
"990","ZNF502",1,"3",44754135
"991","ZNF660",1,"3",44619715
"992","ZNF852",1,"3",44540462
